Station,Count,Min Temp.,Max Temp.,Average Temp.
USC00519281,2772,54.0,85.0,71.66378066378067
USC00519397,2724,56.0,87.0,74.55323054331865
USC00513117,2709,59.0,85.0,72.68918420081211
USC00519523,2669,56.0,85.0,74.5436493068565
USC00516128,2612,58.0,84.0,70.91500765696784
USC00514830,2202,58.0,85.0,74.8732970027248
USC00511918,1979,53.0,87.0,71.61596766043456
USC00517948,1372,58.0,87.0,74.68440233236151
USC00518838,511,58.0,83.0,72.72407045009784
